<?xml version="1.0" encoding="UTF-8" standalone="yes"?>
<recipe recipeID="1547614005139" dossierID="190499" Publication="Coles Magazine" Year="2019" Month="February" parentRecipeID="" online_title="Cheesy Sweet Potato and Bacon Loaf"><title>Cheesy Sweet potato &amp; Bacon loaf</title><serving yieldextra="" yield="4" preptimeextra="+ cooling &amp; 5 mins standing time" preptimeunits="mins" preptimeqty="15" cooktimeextra="" cooktimeunits="mins" cooktimeqty="50">Serves 4  Prep 15 mins (+ cooling &amp; 5 mins standing time)  Cooking 50 mins</serving><ingredients><inggroup inggroupsort="1"><ings><ing ingsort="1" fooditem="gold sweet potato" direction="peeled, cut into 2cm pieces" unit="g" qty="400">400g gold sweet potato, peeled, cut into 2cm pieces</ing><ing ingsort="2" fooditem="Coles Bakery Stone Baked White Sourdough Vienna*" direction="" unit="g" qty="300">300g Coles Bakery Stone Baked White Sourdough Vienna*</ing><ing ingsort="3" fooditem="bacon rashers" direction="finely chopped" unit="" qty="3">3 bacon rashers, finely chopped</ing><ing ingsort="4" fooditem="spring onion" direction="thinly sliced" unit="" qty="1">1 spring onion, thinly sliced</ing><ing ingsort="5" fooditem="Coles Australian Free Range Eggs" direction="lightly whisked" unit="" qty="8">8 Coles Australian Free Range Eggs, lightly whisked</ing><ing ingsort="6" fooditem="milk" direction="" unit="cup" qty="1" fooditemalt="" unitalt="ml" qtyalt="250">1 cup (250ml) milk</ing><ing ingsort="7" fooditem="tasty cheddar" direction="coarsely grated" unit="cup" qty="½" fooditemalt="" unitalt="g" qtyalt="60">½ cup (60g) coarsely grated tasty cheddar</ing></ings></inggroup></ingredients><preparation><prepstepgroup prepstepgroupsort="1"><prepsteps><prepstep prepstepsort="1">Preheat oven to 180°C. Grease the base and sides of a 20cm (base measurement) square cake pan and line with baking paper.</prepstep><prepstep prepstepsort="2">Cook the sweet potato in a saucepan of boiling water for 5 mins or until just tender. Drain well. </prepstep><prepstep prepstepsort="3">Cut the bread into 2cm-thick slices, then cut each slice in half crossways. Layer the sweet potato, bacon, bread and spring onion in the prepared pan. </prepstep><prepstep prepstepsort="4">Whisk the egg and milk in a large jug until combined. Pour over the bread mixture in the pan and set aside for 5 mins to soak. Sprinkle with cheddar. </prepstep><prepstep prepstepsort="5">Place the cake pan in a large roasting pan. Add enough hot water to the roasting pan to come halfway up the side of the cake pan. Bake for 45 mins or until the egg mixture is set. Remove the cake pan from the water. Set aside to cool completely. </prepstep><prepstep prepstepsort="6">Turn the loaf out onto a clean work surface. Cut into slices.</prepstep></prepsteps></prepstepgroup></preparation>PER SERVE<nutrition per="serve" kJ="2269" calories="543" energy_pct="26" protein_g="34" protein_pct="68" fat_g="21" fat_pct="30" saturatedfat="8" saturatedfat_pct="33" sodium_mg="1134" sodium_pct="57" carb_g="51" carb_pct="16" sugars_g="12" sugars_pct="13" dietaryfibre_g="7" dietaryfibre_pct="23">Energy 2269kJ/543 Cals (26%) Protein 34g (68%)Fat 21g (30%) Sat Fat 8g (33%) Sodium 1134mg (57%)Carb 51g (16%) Sugar 12g (13%) Dietary Fibre 7g (23%) </nutrition></recipe>