<?xml version="1.0" encoding="UTF-8" standalone="yes"?>
<recipe recipeID="1547595945168" dossierID="239566" Publication="Catalogue" Year="2018" Month="September" parentRecipeID="" online_title="Halloween Bat Donuts"><title>Halloween bat donuts</title><serving yieldextra="" yield="12" preptimeextra="" preptimeunits="mins" preptimeqty="40" cooktimeqty="" cooktimeunits="" cooktimeextra="">Makes 12  Prep 40 mins</serving><ingredients><inggroup inggroupsort="1"><ings><ing ingsort="1" fooditem="pure icing sugar" direction="sifted" unit="cups" qty="2" fooditemalt="" unitalt="g" qtyalt="300">2 cups (300g) pure icing sugar, sifted</ing><ing ingsort="2" fooditem="milk" direction="warmed" unit="cup" qty="¼" fooditemalt="" unitalt="ml" qtyalt="60">¼ cup (60ml) milk, warmed</ing><ing ingsort="3" fooditem="Black gel food colouring" direction="" unit="" qty="">Black gel food colouring</ing><ing ingsort="4" fooditem="Coles Bakery Cinnamon Donuts " direction="" unit="" qty="12">12 Coles Bakery Cinnamon Donuts </ing><ing ingsort="5" fooditem="Coles Funny Face Icing Figurines Eyes" direction="" unit="" qty="24">24 Coles Funny Face Icing Figurines Eyes</ing><ing ingsort="6" fooditem="strawberry sour straps" direction="" unit="" qty="2">2 strawberry sour straps</ing><ing ingsort="7" fooditem="liquorice straps" direction="" unit="300g pkt" qty="1">300g pkt liquorice straps</ing></ings></inggroup></ingredients><preparation><prepstepgroup prepstepgroupsort="1"><prepsteps><prepstep prepstepsort="1">Combine icing sugar and milk in a bowl. Tint with food colouring to make dark grey. Dip one-half of each donut into the icing, spreading to coat evenly. Place on a wire rack. </prepstep><prepstep prepstepsort="2">Decorate donuts with eyes. Cut 24 small triangles from strawberry sour strap and arrange on donuts to make fangs. Cut 24 small triangles from 1 liquorice strap and arrange on the donuts to make ears.</prepstep><prepstep prepstepsort="3">Cut 24 wing shapes from liquorice straps. Use a small knife to make a small slit on either side of each donut. Insert a toothpick in each cut. Arrange wings over toothpicks, pressing into the donuts to secure. Arrange on a serving plate and remove toothpicks before eating.</prepstep></prepsteps></prepstepgroup></preparation></recipe>