<?xml version="1.0" encoding="UTF-8" standalone="yes"?>
<recipe recipeID="1516757734046" dossierID="127295" Publication="Coles Magazine" Year="2018" Month="February" parentRecipeID="" online_title="Ham and 3-cheese Muffins"><title>Ham &amp; 3-cheese muffins</title><serving yieldextra="" yield="12" preptimeextra="+ cooling time" preptimeunits="mins" preptimeqty="10" cooktimeextra="" cooktimeunits="mins" cooktimeqty="25">Makes 12  Prep 10 mins (+ cooling time)  Cooking 25 mins</serving><ingredients><inggroup inggroupsort="1"><ings><ing ingsort="1" fooditem="self-raising flour" direction="" unit="cups" qty="2" fooditemalt="" unitalt="g" qtyalt="300">2 cups (300g) self-raising flour</ing><ing ingsort="2" fooditem="ground paprika" direction="" unit="tsp" qty="½">½ tsp ground paprika</ing><ing ingsort="3" fooditem="butter" direction="softened" unit="g" qty="80">80g butter, softened</ing><ing ingsort="4" fooditem="champagne ham" direction="chopped" unit="slices" qty="6">6 slices champagne ham, chopped</ing><ing ingsort="5" fooditem="spring onion" direction="thinly sliced" unit="" qty="1">1 spring onion, thinly sliced</ing><ing ingsort="6" fooditem="chives" direction="finely chopped" unit="tbs" qty="1">1 tbs finely chopped chives</ing><ing ingsort="7" fooditem="tasty cheddar" direction="shredded" unit="cup" qty="1" fooditemalt="" unitalt="g" qtyalt="120">1 cup (120g) shredded tasty cheddar</ing><ing ingsort="8" fooditem="parmesan" direction="finely grated" unit="cup" qty="½" fooditemalt="" unitalt="g" qtyalt="40">½ cup (40g) finely grated parmesan</ing><ing ingsort="9" fooditem="fetta" direction="crumbled" unit="g" qty="100">100g fetta, crumbled</ing><ing ingsort="10" fooditem="Coles Australian Free Range Egg" direction="" unit="" qty="1">1 Coles Australian Free Range Egg</ing><ing ingsort="11" fooditem="milk" direction="" unit="cup" qty="1" fooditemalt="" unitalt="ml" qtyalt="250">1 cup (250ml) milk</ing></ings></inggroup></ingredients><preparation><prepstepgroup prepstepgroupsort="1"><prepsteps><prepstep prepstepsort="1">Preheat oven to 200°C. Line a 12-hole, ⅓-cup (80ml) muffin pan with paper cases. Combine the flour and paprika in a large bowl. Use your fingertips to rub the butter into the flour mixture until the mixture resembles fine breadcrumbs. Stir in the ham, spring onion, chive, cheddar, parmesan and fetta.</prepstep><prepstep prepstepsort="2">Whisk the egg and milk in a jug. Make a well in the centre of the flour mixture. Pour in the egg mixture and stir until just combined. Spoon the mixture evenly into the paper cases. </prepstep><prepstep prepstepsort="3">Bake for 20-25 mins or until a skewer inserted in the centre comes out clean. Turn onto a wire rack to cool completely.</prepstep></prepsteps></prepstepgroup></preparation>PER MUFFIN<nutrition per="muffin" kJ="1037" calories="248" energy_pct="12" protein_g="11" protein_pct="22" fat_g="13" fat_pct="19" saturatedfat="8" saturatedfat_pct="33" sodium_mg="557" sodium_pct="24" carb_g="20" carb_pct="6" sugars_g="2" sugars_pct="2" dietaryfibre_g="1" dietaryfibre_pct="3">Energy 1037kJ/248 Cals (12%) Protein 11g (22%) Fat 13g (19%) Sat Fat 8g (33%) Sodium 557mg (24%) Carb 20g (6%) Sugar 2g (2%) Dietary Fibre 1g (3%) </nutrition><tip><tiptitle>Freeze ahead</tiptitle><tiptext>Wrap each cooled muffin in plastic wrap and freeze for up to 3 months. Thaw in fridge overnight.</tiptext></tip></recipe>