<?xml version="1.0" encoding="UTF-8" standalone="yes"?>
<recipe recipeID="1536646411502" dossierID="203049" Publication="Catalogue" Year="2018" Month="September" parentRecipeID="" online_title="Monster Burgers"><title>Monster burgers</title><serving yieldextra="" yield="4" preptimeextra="" preptimeunits="mins" preptimeqty="10" cooktimeextra="" cooktimeunits="mins" cooktimeqty="10">Serves 4 Prep 10 mins Cooking 10 mins</serving><ingredients><inggroup inggroupsort="1"><ings><ing ingsort="1" fooditem="tasty cheddar" direction="" unit="slices" qty="4">4 slices tasty cheddar</ing><ing ingsort="2" fooditem="olive oil" direction="" unit="tbs" qty="1">1 tbs olive oil</ing><ing ingsort="3" fooditem="Coles Finest Australian Angus Beef Burgers" direction="" unit="600g pkt" qty="1">600g pkt Coles Finest Australian Angus Beef Burgers</ing><ing ingsort="4" fooditem="Coles Finest Charcoal Brioche Burger Buns" direction="split, toasted" unit="" qty="4">4 Coles Finest Charcoal Brioche Burger Buns, split, toasted</ing><ing ingsort="5" fooditem="iceberg lettuce leaves" direction="" unit="" qty="4">4 iceberg lettuce leaves</ing><ing ingsort="6" fooditem="tomato" direction="thinly sliced" unit="" qty="1">1 tomato, thinly sliced</ing><ing ingsort="7" fooditem="Tomato sauce" direction="to serve" unit="" qty="">Tomato sauce, to serve</ing><ing ingsort="8" fooditem="cherry tomatoes" direction="halved" unit="" qty="4">4 cherry tomatoes, halved</ing><ing ingsort="9" fooditem="black olives" direction="" unit="" qty="8">8 black olives</ing><ing ingsort="10" fooditem="Shoestring fries" direction="to serve" unit="" qty="">Shoestring fries, to serve</ing></ings></inggroup></ingredients><preparation><prepstepgroup prepstepgroupsort="1"><prepsteps><prepstep prepstepsort="1">Place the cheddar slices on a clean work surface. Use a small sharp knife to cut triangles from one edge of each cheddar slice to make fangs. </prepstep><prepstep prepstepsort="2">Heat the oil in large frying pan over medium heat. Add the beef patties and cook for 3 mins or until brown underneath. Turn the beef patties. Cook for a further 3 mins or until patties are cooked through. Top the beef patties with cheddar.</prepstep><prepstep prepstepsort="3">Divide the bun bases among serving plates. Top with lettuce, beef patties and sliced tomato and drizzle with tomato sauce. Top with bun tops. Place the cherry tomato halves on top of each roll to make eyes. Cut tops from olives and place on cherry tomato halves to make pupils. Serve with the fries.</prepstep></prepsteps></prepstepgroup></preparation></recipe>