<?xml version="1.0" encoding="UTF-8" standalone="yes"?>
<recipe recipeID="1569546009818" dossierID="269992" Publication="Coles Magazine" Year="2019" Month="October" parentRecipeID="" online_title="Mummy Sausage Rolls"><title>Mummy sausage rolls</title><serving yieldextra="" yield="16" preptimeextra="+ cooling time" preptimeunits="mins" preptimeqty="15" cooktimeextra="" cooktimeunits="mins" cooktimeqty="35">Makes 16  Prep 15 mins (+ cooling time)  Cooking 35 mins</serving><ingredients><inggroup inggroupsort="1"><ings><ing ingsort="1" fooditem="Coles Beef &amp; Pork Chipolata Sausages" direction="" unit="400g pkt" qty="1">400g pkt Coles Beef &amp; PorkChipolata Sausages</ing><ing ingsort="2" fooditem="sheet frozen reduced-fat puff pastry" direction="just thawed" unit="" qty="1">1 sheet frozen reduced-fat puff pastry, just thawed</ing><ing ingsort="3" fooditem="Coles Australian Free Range Egg" direction="lightly whisked" unit="" qty="1">1 Coles Australian Free Range Egg, lightly whisked</ing><ing ingsort="4" fooditem="tasty cheddar" direction="" unit="slice" qty="1">1 slice tasty cheddar</ing><ing ingsort="5" fooditem="Coles Smoke Flavoured Cheese Slice" direction="" unit="" qty="1">1 Coles Smoke Flavoured Cheese Slice</ing><ing ingsort="6" fooditem="Chocolate writing icing" direction="to decorate" unit="" qty="">Chocolate writing icing, to decorate</ing><ing ingsort="7" fooditem="Tomato sauce" direction="to serve" unit="" qty="">Tomato sauce, to serve</ing></ings></inggroup></ingredients><preparation><prepstepgroup prepstepgroupsort="1"><prepsteps><prepstep prepstepsort="1">Preheat oven to 200°C. Line a baking tray with baking paper.</prepstep><prepstep prepstepsort="2">Preheat a grill on medium. Line another baking tray with foil. Place the sausages on the foil-lined tray. Cook under the grill, turning occasionally, for 5-7 mins or until golden brown and just cooked through. Set aside to cool.</prepstep><prepstep prepstepsort="3">Place the pastry on a clean work surface. Cut into 5mm-thick strips. Wrap 5-6 pastry strips around each sausage. Place on the lined tray. Lightly brush with egg. Bake for 20-25 mins or until pastry is golden. Cool slightly.</prepstep><prepstep prepstepsort="4">Cut 1cm and 5mm discs from the cheese slices. Use a little tomato sauce to attach the cheese discs to each sausage roll to make eyes. Decorate with the writing icing. Serve warm or at room temperature with the tomato sauce.</prepstep></prepsteps></prepstepgroup></preparation>PER SAUSAGE ROLL<nutrition per="sausage roll" kJ="522" calories="125" energy_pct="6" protein_g="7" protein_pct="(14" fat_g="9" fat_pct="13" saturatedfat="4" saturatedfat_pct="17" sodium_mg="322" sodium_pct="16" carb_g="5" carb_pct="2" sugars_g="0.3" sugars_pct="0" dietaryfibre_g="1" dietaryfibre_pct="3">Energy 522kJ/125 Cals (6%) Protein 7g (14%)Fat 9g (13%) Sat Fat 4g (17%) Sodium 322mg (16%)Carb 5g (2%) Sugar 0.3g (0%) Dietary Fibre 1g (3%)Go meat-free</nutrition>Swap the chipolatas for vegetarian sausages. Cook them, then cool and cut in half before wrapping with the pastry strips.</recipe>