<?xml version="1.0" encoding="UTF-8" standalone="yes"?>
<recipe recipeID="1547611718272" dossierID="190501" Publication="Coles Magazine" Year="2019" Month="February" parentRecipeID="" online_title="Popcorn Trail Mix"><title>Popcorn Trail mix</title><serving yieldextra="" yield="about 7 cups" preptimeextra="" preptimeunits="mins" preptimeqty="5" cooktimeqty="" cooktimeunits="" cooktimeextra="">Makes about 7 cups  Prep 5 mins</serving><ingredients><inggroup inggroupsort="1"><ings><ing ingsort="1" fooditem="Arnott’s Jatz Original Minis biscuits*" direction="" unit="23g pkts" qty="3">3 x 23g pkts Arnott’s Jatz Original Minis biscuits*</ing><ing ingsort="2" fooditem="banana chips " direction="" unit="cup" qty="1" fooditemalt="" unitalt="g" qtyalt="80">1 cup (80g) banana chips </ing><ing ingsort="3" fooditem="pretzels" direction="" unit="cup" qty="1" fooditemalt="" unitalt="g" qtyalt="50">1 cup (50g) pretzels</ing><ing ingsort="4" fooditem="mini marshmallows" direction="" unit="cup" qty="1" fooditemalt="" unitalt="g" qtyalt="45">1 cup (45g) mini marshmallows</ing><ing ingsort="5" fooditem="Uncle Tobys Cheerios" direction="" unit="cup" qty="1" fooditemalt="" unitalt="g" qtyalt="45">1 cup (45g) Uncle Tobys Cheerios</ing><ing ingsort="6" fooditem="sweet and saltypopcorn" direction="" unit="cup" qty="1" fooditemalt="" unitalt="g" qtyalt="15">1 cup (15g) sweet and saltypopcorn</ing><ing ingsort="7" fooditem="dried cranberries" direction="" unit="cup" qty="½" fooditemalt="" unitalt="g" qtyalt="65">½ cup (65g) dried cranberries</ing><ing ingsort="8" fooditem="sultanas" direction="" unit="cup" qty="½" fooditemalt="" unitalt="g" qtyalt="80">½ cup (80g) sultanas</ing></ings></inggroup></ingredients><preparation><prepstepgroup prepstepgroupsort="1"><prepsteps><prepstep prepstepsort="1">Combine the biscuits, banana chips, pretzels, marshmallows, Cheerios, popcorn, cranberries and sultanas in a large bowl. Store in an airtight container for up to 2 weeks.</prepstep></prepsteps></prepstepgroup></preparation>PER ½ CUP<nutrition per="½ cup" kJ="487" calories="117" energy_pct="6" protein_g="2" protein_pct="4" fat_g="2" fat_pct="3" saturatedfat="1" saturatedfat_pct="4" sodium_mg="91" sodium_pct="5" carb_g="22" carb_pct="7" sugars_g="10" sugars_pct="11" dietaryfibre_g="2" dietaryfibre_pct="7">Energy 487kJ/117 Cals (6%) Protein 2g (4%)Fat 2g (3%) Sat Fat 1g (4%) Sodium 91mg (5%)Carb 22g (7%) Sugar 10g (11%) Dietary Fibre 2g (7%) </nutrition></recipe>