<?xml version="1.0" encoding="UTF-8" standalone="yes"?>
<recipe recipeID="1516757734223" dossierID="127295" Publication="Coles Magazine" Year="2018" Month="February" parentRecipeID="" online_title="Tuna and Zucchini Slice"><title>Tuna &amp; zucchini slice</title><serving yieldextra="" yield="8 pieces" preptimeextra="+ cooling time" preptimeunits="mins" preptimeqty="15" cooktimeextra="" cooktimeunits="mins" cooktimeqty="45">Makes 8 pieces  Prep 15 mins (+ cooling time)  Cooking 45 mins</serving><ingredients><inggroup inggroupsort="1"><ings><ing ingsort="1" fooditem="olive oil" direction="" unit="tbs" qty="1">1 tbs olive oil</ing><ing ingsort="2" fooditem="brown onion" direction="finely chopped " unit="" qty="1">1 brown onion, finely chopped </ing><ing ingsort="3" fooditem="garlic clove" direction="crushed" unit="" qty="1">1 garlic clove, crushed</ing><ing ingsort="4" fooditem="medium zucchini" direction="coarsely grated" unit="" qty="3">3 medium zucchini, coarsely grated</ing><ing ingsort="5" fooditem="tuna" direction="drained, flaked" unit="425g can" qty="1">425g can tuna, drained, flaked</ing><ing ingsort="6" fooditem="tasty cheddar" direction="shredded" unit="cup" qty="1" fooditemalt="" unitalt="g" qtyalt="120">1 cup (120g) shredded tasty cheddar</ing><ing ingsort="7" fooditem="gluten-free self-raising flour" direction="" unit="cup" qty="1" fooditemalt="" unitalt="g" qtyalt="135">1 cup (135g) gluten-free self-raising flour</ing><ing ingsort="8" fooditem="olive oil" direction="extra" unit="cup" qty="½" fooditemalt="" unitalt="ml" qtyalt="125">½ cup (125ml) olive oil, extra</ing><ing ingsort="9" fooditem="Coles Australian Free Range Eggs" direction="" unit="" qty="4">4 Coles Australian Free Range Eggs</ing></ings></inggroup></ingredients><preparation><prepstepgroup prepstepgroupsort="1"><prepsteps><prepstep prepstepsort="1">Preheat oven to 180°C. Grease and line the base and sides of a 17cm x 27cm slice pan with baking paper. Heat oil in a frying pan over high heat. Cook onion and garlic for 3 mins or until softened. Transfer to a large bowl.</prepstep><prepstep prepstepsort="2">Stir the zucchini, tuna, cheddar and flour into onion mixture. Combine the extra oil and eggs in a bowl. Add to the zucchini mixture and stir until well combined. Pour into prepared pan.</prepstep><prepstep prepstepsort="3">Bake for 40 mins or until golden and firm. Cool in the pan. Cut into pieces. </prepstep></prepsteps></prepstepgroup></preparation>PER PIECE<nutrition per="piece" kJ="1567" calories="375" energy_pct="18" protein_g="18" protein_pct="36" fat_g="27" fat_pct="39" saturatedfat="7" saturatedfat_pct="29" sodium_mg="410" sodium_pct="18" carb_g="15" carb_pct="5" sugars_g="2" sugars_pct="2" dietaryfibre_g="2" dietaryfibre_pct="7">Energy 1567kJ/375 Cals (18%) Protein 18g (36%)Fat 27g (39%) Sat Fat 7g (29%) Sodium 410mg (18%) Carb 15g (5%) Sugar 2g (2%) Dietary Fibre 2g (7%) </nutrition> SERVE WITH  cherry tomatoes<tip><tiptitle></tiptitle><tiptitle>Freeze ahead</tiptitle></tip>Wrap each piece in plastic wrap and freeze for up to 3 months. Thaw in the fridge overnight.</recipe>